Genus	TAXON	FAMILY	ORDER	HYP	LOP	FCT_HOD	FCT_AL	FCT_OL	FCT_SF	FCT_OT	FCT_CM
Antilocapra	Antilocapra americana	Antilocapridae	Artiodactyla	3	2	1	0	1	0	0	0
Addax	Addax nasomaculatus	Bovidae	Artiodactyla	3	2	1	0	1	1	0	0
Aepyceros	Aepyceros melampus	Bovidae	Artiodactyla	3	2	1	0	1	0	0	0
Alcelaphus	Alcelaphus buselaphus	Bovidae	Artiodactyla	3	2	1	0	1	0	1	0
Ammodorcas	Ammodorcas clarkei	Bovidae	Artiodactyla	1	2	1	0	1	0	0	0
Ammotragus	Ammotragus lervia	Bovidae	Artiodactyla	3	2	1	0	1	0	0	0
Antidorcas	Antidorcas marsupialis	Bovidae	Artiodactyla	3	2	1	0	1	0	0	0
Antilope	Antilope cervicapra	Bovidae	Artiodactyla	3	2	1	0	1	0	0	0
Beatragus	Beatragus hunteri	Bovidae	Artiodactyla	3	2	1	0	1	0	1	0
Bison	Bison bison	Bovidae	Artiodactyla	3	2	1	0	1	0	1	0
Bos	Bos frontalis	Bovidae	Artiodactyla	3	2	1	0	1	0	1	1
Boselaphus	Boselaphus tragocamelus	Bovidae	Artiodactyla	3	2	1	0	1	0	0	0
Bubalus	Bubalus bubalis	Bovidae	Artiodactyla	3	2	1	0	1	0	1	1
Budorcas	Budorcas taxicolor	Bovidae	Artiodactyla	3	2	1	0	1	0	0	0
Capra	Capra caucasica	Bovidae	Artiodactyla	3	2	1	0	1	0	0	0
Capricornis	Capricornis crispus	Bovidae	Artiodactyla	3	2	1	0	1	0	0	0
Cephalophus	Cephalophus adersi	Bovidae	Artiodactyla	2	2	1	0	1	1	0	0
Connochaetes	Connochaetes gnou	Bovidae	Artiodactyla	3	2	1	0	1	0	1	0
Damaliscus	Damaliscus korrigum	Bovidae	Artiodactyla	3	2	1	0	1	0	1	0
Dorcatragus	Dorcatragus megalotis	Bovidae	Artiodactyla	3	2	1	0	1	0	0	0
Eudorcas	Eudorcas rufifrons	Bovidae	Artiodactyla	3	2	1	0	1	0	0	0
Gazella	Gazella arabica	Bovidae	Artiodactyla	3	2	1	0	1	0	0	0
Hemitragus	Hemitragus hylocrius	Bovidae	Artiodactyla	3	2	1	0	1	0	0	0
Hippotragus	Hippotragus equinus	Bovidae	Artiodactyla	3	2	1	0	1	1	0	0
Kobus	Kobus ellipsiprymnus	Bovidae	Artiodactyla	3	2	1	0	1	1	0	0
Litocranius	Litocranius walleri	Bovidae	Artiodactyla	2	2	1	0	1	0	0	0
Madoqua	Madoqua guentheri	Bovidae	Artiodactyla	2	2	1	0	1	0	0	0
Naemorhedus	Naemorhedus baileyi	Bovidae	Artiodactyla	3	2	1	0	1	0	0	0
Nanger	Nanger dama	Bovidae	Artiodactyla	3	2	1	0	1	0	0	0
Neotragus	Neotragus batesi	Bovidae	Artiodactyla	2	2	1	0	1	0	0	0
Oreamnos	Oreamnos americanus	Bovidae	Artiodactyla	3	2	1	0	1	0	0	0
Oreotragus	Oreotragus oreotragus	Bovidae	Artiodactyla	3	2	1	0	1	0	0	0
Oryx	Oryx beisa	Bovidae	Artiodactyla	3	2	1	0	1	1	0	0
Ourebia	Ourebia ourebi	Bovidae	Artiodactyla	3	2	1	0	1	0	0	0
Ovibos	Ovibos moschatus	Bovidae	Artiodactyla	3	2	1	0	1	0	0	0
Ovis	Ovis ammon	Bovidae	Artiodactyla	3	2	1	0	1	0	0	0
Pantholops	Pantholops hodgsonii	Bovidae	Artiodactyla	3	2	1	0	1	0	0	0
Pelea	Pelea capreolus	Bovidae	Artiodactyla	3	2	1	0	1	1	0	0
Philantomba	Philantomba maxwellii	Bovidae	Artiodactyla	1	2	1	0	1	0	0	0
Procapra	Procapra gutturosa	Bovidae	Artiodactyla	3	2	1	0	1	0	0	0
Pseudois	Pseudois nayaur	Bovidae	Artiodactyla	3	2	1	0	1	0	0	0
Pseudoryx	Pseudoryx nghetinhensis	Bovidae	Artiodactyla	NA	NA	NA	NA	NA	NA	NA	NA
Raphicerus	Raphicerus campestris	Bovidae	Artiodactyla	3	2	1	0	1	0	0	0
Redunca	Redunca arundinum	Bovidae	Artiodactyla	3	2	1	0	1	1	0	1
Rupicapra	Rupicapra pyrenaica	Bovidae	Artiodactyla	3	2	1	0	1	0	0	0
Saiga	Saiga borealis	Bovidae	Artiodactyla	3	2	1	0	1	0	0	0
Sylvicapra	Sylvicapra grimmia	Bovidae	Artiodactyla	2	2	1	0	1	0	0	0
Syncerus	Syncerus caffer	Bovidae	Artiodactyla	3	2	1	0	1	0	1	0
Taurotragus	Taurotragus derbianus	Bovidae	Artiodactyla	3	2	1	0	1	0	0	0
Tetracerus	Tetracerus quadricornis	Bovidae	Artiodactyla	3	2	1	0	1	0	0	0
Tragelaphus	Tragelaphus angasii	Bovidae	Artiodactyla	2	2	1	0	1	0	0	0
Camelus	Camelus bactrianus	Camelidae	Artiodactyla	3	2	1	0	1	0	0	0
Lama	Lama glama	Camelidae	Artiodactyla	3	2	1	0	1	0	0	0
Vicugna	Vicugna vicugna	Camelidae	Artiodactyla	3	2	1	0	1	0	0	0
Alces	Alces alces	Cervidae	Artiodactyla	1	2	1	0	1	0	0	0
Axis	Axis axis	Cervidae	Artiodactyla	2	2	1	0	1	1	0	0
Blastocerus	Blastocerus dichotomus	Cervidae	Artiodactyla	1	2	1	0	1	0	0	0
Capreolus	Capreolus capreolus	Cervidae	Artiodactyla	1	2	1	0	1	0	0	0
Cervus	Cervus duvaucelii	Cervidae	Artiodactyla	2	2	1	0	1	1	0	0
Dama	Dama dama	Cervidae	Artiodactyla	1	2	1	0	1	0	0	0
Elaphodus	Elaphodus cephalophus	Cervidae	Artiodactyla	1	2	1	0	1	1	0	0
Elaphurus	Elaphurus davidianus	Cervidae	Artiodactyla	1	2	1	0	1	1	0	0
Hippocamelus	Hippocamelus antisensis	Cervidae	Artiodactyla	1	2	1	0	1	0	0	0
Hydropotes	Hydropotes inermis	Cervidae	Artiodactyla	1	2	1	0	1	0	0	0
Mazama	Mazama americana	Cervidae	Artiodactyla	1	2	1	0	1	0	0	0
Muntiacus	Muntiacus atherodes	Cervidae	Artiodactyla	1	2	1	0	1	0	0	0
Odocoileus	Odocoileus hemionus	Cervidae	Artiodactyla	1	2	1	0	1	0	0	0
Ozotoceros	Ozotoceros bezoarticus	Cervidae	Artiodactyla	1	2	1	0	1	0	0	0
Przewalskium	Przewalskium albirostris	Cervidae	Artiodactyla	2	2	1	0	1	1	0	0
Pudu	Pudu mephistophiles	Cervidae	Artiodactyla	1	2	1	0	1	0	0	0
Rangifer	Rangifer tarandus	Cervidae	Artiodactyla	1	2	1	0	1	0	0	0
Rucervus	Rucervus duvaucelii	Cervidae	Artiodactyla	2	2	1	0	1	1	0	0
Rusa	Rusa alfredi	Cervidae	Artiodactyla	2	2	1	0	1	1	0	0
Giraffa	Giraffa camelopardalis	Giraffidae	Artiodactyla	1	2	1	0	1	0	0	0
Okapia	Okapia johnstoni	Giraffidae	Artiodactyla	1	2	1	0	1	0	0	0
Hexaprotodon	Hexaprotodon liberiensis	Hippopotamidae	Artiodactyla	1	0	1	0	1	1	0	0
Hippopotamus	Hippopotamus amphibius	Hippopotamidae	Artiodactyla	2	0	1	0	1	1	0	0
Moschus	Moschus anhuiensis	Moschidae	Artiodactyla	1	2	1	0	1	0	0	0
Babyrousa	Babyrousa babyrussa	Suidae	Artiodactyla	1	0	1	0	0	0	0	0
Hylochoerus	Hylochoerus meinertzhageni	Suidae	Artiodactyla	2	0	2	0	1	1	0	1
Phacochoerus	Phacochoerus aethiopicus	Suidae	Artiodactyla	3	0	3	0	0	0	1	1
Potamochoerus	Potamochoerus larvatus	Suidae	Artiodactyla	1	0	1	0	0	1	0	0
Sus	Sus ahoenobarbus	Suidae	Artiodactyla	1	0	1	0	0	1	0	0
Catagonus	Catagonus wagneri	Tayassuidae	Artiodactyla	1	0	1	0	0	1	0	0
Pecari	Pecari tajacu	Tayassuidae	Artiodactyla	1	0	1	0	0	1	0	0
Tayassu	Tayassu pecari	Tayassuidae	Artiodactyla	1	0	1	0	0	1	0	0
Hyemoschus	Hyemoschus aquaticus	Tragulidae	Artiodactyla	1	2	1	0	1	0	0	0
Moschiola	Moschiola meminna	Tragulidae	Artiodactyla	1	2	1	0	1	0	0	0
Tragulus	Tragulus javanicus	Tragulidae	Artiodactyla	1	2	1	0	1	1	0	0
Equus	Equus asinus	Equidae	Perissodactyla	3	2	1	0	1	0	1	1
Diceros	Diceros bicornis	Rhinoceratidae	Perissodactyla	2	1	1	1	1	0	0	0
Ceratotherium	Ceratotherium simum	Rhinocerotidae	Perissodactyla	3	2	1	0	1	0	1	1
Dicerorhinus	Dicerorhinus sumatrensis	Rhinocerotidae	Perissodactyla	1	1	1	1	1	0	0	0
Rhinoceros	Rhinoceros sondaicus	Rhinocerotidae	Perissodactyla	1	2	1	1	1	0	0	0
Tapirus	Tapirus bairdii	Tapiridae	Perissodactyla	1	0	1	1	0	0	0	0
Aotus	Aotus nigriceps	Aotidae	Primates	1	0	1	0	0	0	0	0
Ateles	Ateles geoffroyi	Atelidae	Primates	1	0	1	0	0	0	0	0
Lagothrix	Lagothrix poeppigii	Atelidae	Primates	1	0	1	0	0	0	0	0
Oreonax	Oreonax flavicauda	Atelidae	Primates	1	0	1	0	0	0	0	0
Callimico	Callimico goeldii	Callitrichidae	Primates	1	0	1	0	0	0	0	0
Callithrix	Callithrix acariensis	Callitrichidae	Primates	1	0	1	0	0	0	0	0
Leontopithecus	Leontopithecus caissara	Callitrichidae	Primates	1	0	1	0	0	0	0	0
Saguinus	Saguinus bicolor	Callitrichidae	Primates	1	0	1	0	0	0	0	0
Alouatta	Alouatta belzebul	Cebidae	Primates	1	1	1	0	0	0	0	0
Brachyteles	Brachyteles arachnoides	Cebidae	Primates	1	0	1	0	0	0	0	0
Cacajao	Cacajao calvus	Cebidae	Primates	1	0	1	0	0	0	0	0
Callicebus	Callicebus baptista	Cebidae	Primates	1	0	1	0	0	0	0	0
Cebus	Cebus albifrons	Cebidae	Primates	1	0	1	0	0	0	0	0
Chiropotes	Chiropotes albinasus	Cebidae	Primates	1	0	1	0	0	0	0	0
Pithecia	Pithecia aequatorialis	Cebidae	Primates	1	0	1	0	0	0	0	0
Saimiri	Saimiri boliviensis	Cebidae	Primates	1	0	1	0	0	0	0	0
Allenopithecus	Allenopithecus nigroviridis	Cercopithecidae	Primates	1	0	1	0	0	0	0	0
Cercocebus	Cercocebus agilis	Cercopithecidae	Primates	1	0	1	0	0	0	0	0
Cercopithecus	Cercopithecus albogularis	Cercopithecidae	Primates	1	0	1	0	0	0	0	0
Chlorocebus	Chlorocebus aethiops	Cercopithecidae	Primates	1	0	1	0	0	0	0	0
Colobus	Colobus angolensis	Cercopithecidae	Primates	1	0	1	1	0	0	0	0
Erythrocebus	Erythrocebus patas	Cercopithecidae	Primates	1	0	1	0	0	0	0	0
Lophocebus	Lophocebus albigena	Cercopithecidae	Primates	1	0	1	0	0	0	0	0
Macaca	Macaca arctoides	Cercopithecidae	Primates	1	0	1	0	0	0	0	0
Mandrillus	Mandrillus leucophaeus	Cercopithecidae	Primates	1	0	1	0	0	0	0	0
Miopithecus	Miopithecus ogouensis	Cercopithecidae	Primates	1	0	1	0	0	0	0	0
Nasalis	Nasalis larvatus	Cercopithecidae	Primates	1	0	1	1	0	0	0	0
Papio	Papio anubis	Cercopithecidae	Primates	1	0	1	0	0	0	0	0
Piliocolobus	Piliocolobus badius	Cercopithecidae	Primates	1	0	1	1	0	0	0	0
Presbytis	Presbytis chrysomelas	Cercopithecidae	Primates	1	0	1	1	0	0	0	0
Procolobus	Procolobus verus	Cercopithecidae	Primates	1	0	1	1	0	0	0	0
Pygathrix	Pygathrix cinerea	Cercopithecidae	Primates	1	0	1	0	0	0	0	0
Rhinopithecus	Rhinopithecus avunculus	Cercopithecidae	Primates	1	0	1	1	0	0	0	0
Semnopithecus	Semnopithecus ajax	Cercopithecidae	Primates	1	0	1	0	0	0	0	0
Simias	Simias concolor	Cercopithecidae	Primates	1	0	1	1	0	0	0	0
Theropithecus	Theropithecus gelada	Cercopithecidae	Primates	1	0	1	0	1	1	0	0
Trachypithecus	Trachypithecus auratus	Cercopithecidae	Primates	1	0	1	1	0	0	0	0
Allocebus	Allocebus trichotis	Cheirogaleidae	Primates	1	0	1	0	0	0	0	0
Cheirogaleus	Cheirogaleus adipicaudatus	Cheirogaleidae	Primates	1	0	1	0	0	0	0	0
Microcebus	Microcebus berthae	Cheirogaleidae	Primates	1	0	1	0	0	0	0	0
Mirza	Mirza coquereli	Cheirogaleidae	Primates	1	0	1	0	0	0	0	0
Phaner	Phaner electromontis	Cheirogaleidae	Primates	1	0	1	0	0	0	0	0
Daubentonia	Daubentonia madagascariensis	Daubentoniidae	Primates	1	0	1	0	0	0	0	0
Galago	Galago gallarum	Galagidae	Primates	1	0	1	0	0	0	0	0
Otolemur	Otolemur crassicaudatus	Galagidae	Primates	1	0	1	0	0	0	0	0
Euoticus	Euoticus elegantulus	Galagonidae	Primates	1	0	1	0	0	0	0	0
Gorilla	Gorilla beringei	Hominidae	Primates	1	0	1	0	0	0	0	0
Homo	Homo sapiens	Hominidae	Primates	1	0	1	0	0	0	0	0
Pan	Pan paniscus	Hominidae	Primates	1	0	1	0	0	0	0	0
Pongo	Pongo abelii	Hominidae	Primates	1	0	1	0	0	0	0	0
Bunopithecus	Bunopithecus hoolock	Hylobatidae	Primates	1	0	1	0	0	0	0	0
Hylobates	Hylobates agilis	Hylobatidae	Primates	1	0	1	0	0	0	0	0
Nomascus	Nomascus concolor	Hylobatidae	Primates	1	0	1	0	0	0	0	0
Symphalangus	Symphalangus syndactylus	Hylobatidae	Primates	1	0	1	0	0	0	0	0
Avahi	Avahi laniger	Indridae	Primates	1	1	1	0	0	0	0	0
Indri	Indri indri	Indridae	Primates	1	1	1	0	0	0	0	0
Propithecus	Propithecus coquereli	Indridae	Primates	1	1	1	1	0	0	0	0
Eulemur	Eulemur albifrons	Lemuridae	Primates	1	0	1	1	1	0	0	0
Hapalemur	Hapalemur alaotrensis	Lemuridae	Primates	1	0	1	1	1	0	0	0
Lemur	Lemur catta	Lemuridae	Primates	1	0	1	0	0	0	0	0
Prolemur	Prolemur simus	Lemuridae	Primates	1	0	1	0	0	0	0	0
Varecia	Varecia rubra	Lemuridae	Primates	1	1	1	1	1	0	0	0
Lepilemur	Lepilemur ankaranensis	Lepilemuridae	Primates	1	1	1	1	1	0	0	0
Arctocebus	Arctocebus calabarensis	Loridae	Primates	1	0	1	0	0	0	0	0
Loris	Loris lydekkerianus	Loridae	Primates	1	0	1	0	0	0	0	0
Nycticebus	Nycticebus bengalensis	Loridae	Primates	1	0	1	0	0	0	0	0
Perodicticus	Perodicticus potto	Lorisidae	Primates	1	0	1	0	0	0	0	0
Tarsius	Tarsius bancanus	Tarsiidae	Primates	1	0	1	0	0	0	0	0
Elephas	Elephas maximus	Elephantidae	Proboscidea	3	0	3	0	1	0	1	1
Loxodonta	Loxodonta africana	Elephantidae	Proboscidea	3	0	3	0	1	0	1	1
